{
  "step": [
    0,
    50,
    100,
    150,
    200,
    250,
    300,
    350,
    400,
    450,
    500,
    550,
    600,
    650,
    700,
    750,
    800,
    850,
    900,
    950,
    1000,
    1050,
    1100,
    1150,
    1200,
    1250,
    1300,
    1350,
    1400,
    1450,
    1500,
    1550,
    1600,
    1650,
    1700,
    1750,
    1800,
    1850,
    1900,
    1950,
    2000,
    2050,
    2100,
    2150,
    2200,
    2250,
    2300,
    2350,
    2400,
    2450,
    2500,
    2550,
    2600,
    2650,
    2700,
    2750,
    2800,
    2850,
    2900,
    2950,
    3000,
    3050,
    3100,
    3150,
    3200,
    3250,
    3300,
    3350,
    3400,
    3450,
    3500,
    3550,
    3600,
    3650,
    3700,
    3750,
    3800,
    3850,
    3900,
    3950,
    4000,
    4050,
    4100,
    4150,
    4200,
    4250,
    4300,
    4350,
    4400,
    4450,
    4500,
    4550,
    4600,
    4650,
    4700,
    4750,
    4800,
    4850,
    4900,
    4950
  ],
  "avg_reward": [
    -0.011470000259578228,
    0.12145999819040298,
    0.12468000501394272,
    0.1242699921131134,
    0.12555000185966492,
    0.1264999955892563,
    0.12773001194000244,
    0.13058999180793762,
    0.12991999089717865,
    0.1333099901676178,
    0.1351499855518341,
    0.13336999714374542,
    0.13301999866962433,
    0.13384000957012177,
    0.13458998501300812,
    0.13309001922607422,
    0.1321599930524826,
    0.13330000638961792,
    0.1356400102376938,
    0.13289998471736908,
    0.1359100043773651,
    0.13745997846126556,
    0.13627000153064728,
    0.13537999987602234,
    0.13344000279903412,
    0.13457000255584717,
    0.13805000483989716,
    0.13687001168727875,
    0.1340000033378601,
    0.13623999059200287,
    0.13824999332427979,
    0.13791000843048096,
    0.1335200071334839,
    0.1365799903869629,
    0.13840998709201813,
    0.13739000260829926,
    0.13593998551368713,
    0.13696999847888947,
    0.1367100030183792,
    0.13641999661922455,
    0.13560999929904938,
    0.13926999270915985,
    0.13836000859737396,
    0.13651001453399658,
    0.13574999570846558,
    0.13886000216007233,
    0.13596999645233154,
    0.13596999645233154,
    0.13669998943805695,
    0.13560999929904938,
    0.1367800086736679,
    0.13469000160694122,
    0.137690007686615,
    0.13592000305652618,
    0.13554000854492188,
    0.13715000450611115,
    0.13531000912189484,
    0.1378600001335144,
    0.1357399970293045,
    0.13650000095367432,
    0.13666999340057373,
    0.13582000136375427,
    0.13660000264644623,
    0.13752999901771545,
    0.13561999797821045,
    0.13761000335216522,
    0.13695000112056732,
    0.13700997829437256,
    0.1341399997472763,
    0.13669000566005707,
    0.1383799910545349,
    0.1383799910545349,
    0.1400900036096573,
    0.13580001890659332,
    0.13369998335838318,
    0.13912999629974365,
    0.1352899968624115,
    0.1367100030183792,
    0.1391100138425827,
    0.13523998856544495,
    0.1371700018644333,
    0.1391800045967102,
    0.13759000599384308,
    0.13815000653266907,
    0.13648000359535217,
    0.1363700032234192,
    0.13731999695301056,
    0.1377899944782257,
    0.1378600001335144,
    0.13765999674797058,
    0.13583000004291534,
    0.13774999976158142,
    0.13797999918460846,
    0.13689999282360077,
    0.13738000392913818,
    0.13697001338005066,
    0.13583000004291534,
    0.13798999786376953,
    0.13738000392913818,
    0.13877999782562256
  ],
  "explained_var": [
    0.003930449485778809,
    0.11507999897003174,
    0.3414289355278015,
    0.3240777850151062,
    0.33593255281448364,
    0.35371243953704834,
    0.35339629650115967,
    0.36535608768463135,
    0.34055095911026,
    0.3486747741699219,
    0.3423381447792053,
    0.3669150471687317,
    0.36747533082962036,
    0.35654592514038086,
    0.3602084517478943,
    0.370980441570282,
    0.36441105604171753,
    0.36257386207580566,
    0.383878231048584,
    0.3724212050437927,
    0.3858652114868164,
    0.3660205602645874,
    0.3726176619529724,
    0.37146371603012085,
    0.3774341344833374,
    0.38429129123687744,
    0.3617553114891052,
    0.3663935661315918,
    0.3976658582687378,
    0.36801934242248535,
    0.374034583568573,
    0.35149508714675903,
    0.38062936067581177,
    0.38714390993118286,
    0.359730064868927,
    0.3622945547103882,
    0.4041057229042053,
    0.3658795952796936,
    0.37070655822753906,
    0.37084323167800903,
    0.37235313653945923,
    0.3764660954475403,
    0.3967552185058594,
    0.3673005700111389,
    0.4040343165397644,
    0.36435484886169434,
    0.3846195340156555,
    0.3967348337173462,
    0.3871760368347168,
    0.3803662061691284,
    0.3612172603607178,
    0.3817455768585205,
    0.3551095724105835,
    0.3917306065559387,
    0.38753604888916016,
    0.38376325368881226,
    0.3973679542541504,
    0.3746184706687927,
    0.3675600290298462,
    0.39381903409957886,
    0.39057934284210205,
    0.3909994959831238,
    0.37064605951309204,
    0.3873119354248047,
    0.36557716131210327,
    0.40279561281204224,
    0.3748021721839905,
    0.38300108909606934,
    0.3787997364997864,
    0.3739067316055298,
    0.3816568851470947,
    0.38729649782180786,
    0.3941196799278259,
    0.38478797674179077,
    0.37940657138824463,
    0.4072508215904236,
    0.3827131986618042,
    0.38551145792007446,
    0.3915278911590576,
    0.3798448443412781,
    0.39233195781707764,
    0.393022358417511,
    0.3705683946609497,
    0.39454472064971924,
    0.37884658575057983,
    0.3985828161239624,
    0.39112430810928345,
    0.37799692153930664,
    0.40313398838043213,
    0.39775538444519043,
    0.39268195629119873,
    0.4018027186393738,
    0.39329993724823,
    0.3948686718940735,
    0.37360143661499023,
    0.39074206352233887,
    0.38996410369873047,
    0.3822958469390869,
    0.4025377631187439,
    0.382299542427063
  ],